{
  "valid_roughness": true,
  "ssu_results": {
    "beta": 0.5555555555555556,
    "E_speed": 1.0513276165936092,
    "straightness": null,
    "C": 0.810437812181387,
    "ssu_params": {
      "Толщина Ed": "≤ 0.00900 м",
      "Длина lf": "4.37485 ± 0.08750 м",
      "Полурасхождение конусообразности": "≤ 0.00219 м"
    },
    "Epsilon": 0.999250622834351,
    "pressure_loss": 912.3228166438042
  },
  "flow_results": {
    "mass_flow": 166.4544094263771,
    "Re": 60735.79343546911,
    "volume_flow_actual": 0.1813228860853781,
    "volume_flow_std": 0.1887238202113119
  },
  "straightness_result": null,
  "input_file": "check_algoritm_9.json"
}