{
  "result": {
    "type": "cone",
    "D": 0.28999053191875995,
    "d": 0.1999934702888,
    "p1": 3200000.0,
    "t1": 291.15,
    "dp": 15000.0,
    "mu": 18.999999999999996,
    "Roc": 0.64,
    "Ro": 0.72,
    "k": 1.37,
    "C": 0.82,
    "E": 1.1744160762373805,
    "epsilon": 0.9978549018640576,
    "beta": 0.7241379310344828,
    "d_Cm": 5.0,
    "d_Epsilonm": 0.0003284671532846715,
    "ssu_results": {
      "beta": 0.7241379310344828,
      "E_speed": 1.1744160762373805,
      "straightness": null,
      "C": 0.82,
      "ssu_params": {},
      "Epsilon": 0.9978549018640576,
      "pressure_loss": 7519.1379310344855
    },
    "flow": {
      "mass_flow": 4.891366702294507,
      "Re": 1130323.9294263574,
      "volume_flow_actual": 6.7935648642979265,
      "volume_flow_std": 7.6427604723351665
    },
    "straightness": {
      "skip": false,
      "length_first_ms_to_ssu_D": 0,
      "length_between_ms_D": null,
      "length_after_SSU": 2,
      "relative_roughness_Ra_D": 6.8967768939445736e-06,
      "roughness_limit_Ra_D": 0.004020689655172414,
      "is_smooth_pipe": true
    },
    "errors": {
      "skip": true
    }
  }
}