{
  "result": {
    "type": "cone",
    "D": 0.0999967351444,
    "d": 0.06999771460108001,
    "p1": 3200000.0,
    "t1": 291.15,
    "dp": 15000.0,
    "mu": 18.999999999999996,
    "Roc": 0.64,
    "Ro": 0.72,
    "k": 1.37,
    "C": 0.82,
    "E": 1.1625549411016565,
    "epsilon": 0.99780638875,
    "beta": 0.714142842854285,
    "d_Cm": 5.0,
    "d_Epsilonm": 0.0003284671532846715,
    "ssu_results": {
      "beta": 0.714142842854285,
      "E_speed": 1.1625549411016565,
      "straightness": null,
      "C": 0.82,
      "ssu_params": {},
      "Epsilon": 0.99780638875,
      "pressure_loss": 7641.028031391997
    },
    "flow": {
      "mass_flow": 0.5599280101601046,
      "Re": 375234.61125807004,
      "volume_flow_actual": 0.7776777918890342,
      "volume_flow_std": 0.8748875158751634
    },
    "straightness": {
      "skip": false,
      "length_first_ms_to_ssu_D": 0,
      "length_between_ms_D": null,
      "length_after_SSU": 2,
      "relative_roughness_Ra_D": 2.000065299243926e-05,
      "roughness_limit_Ra_D": 0.004,
      "is_smooth_pipe": true
    },
    "errors": {
      "skip": true
    }
  }
}