{
  "result": {
    "type": "conical",
    "D": 0.0999978976,
    "d": 0.029999369279999997,
    "p1": 3200000.0,
    "t1": 291.15,
    "dp": 15000.0,
    "mu": 18.999999999999996,
    "Roc": 0.64,
    "Ro": 0.72,
    "k": 1.37,
    "C": 0.7503351926086133,
    "E": 1.0040747710110163,
    "epsilon": 0.9980521444907964,
    "beta": 0.3,
    "d_Cm": 1.0,
    "d_Epsilonm": null,
    "ssu_results": {
      "beta": 0.3,
      "E_speed": 1.0040747710110163,
      "straightness": null,
      "C": 0.7503351926086133,
      "ssu_params": {
        "error": "Cannot cast array data from dtype('O') to dtype('float64') according to the rule 'safe'"
      },
      "Epsilon": 0.9980521444907964,
      "pressure_loss": 13068.0
    },
    "flow": {
      "mass_flow": 0.0781116134253974,
      "Re": 52345.729525187024,
      "volume_flow_actual": 0.1084883519797186,
      "volume_flow_std": 0.12204939597718342
    },
    "straightness": {
      "skip": false,
      "length_first_ms_to_ssu_D": 12.0,
      "length_between_ms_D": 10,
      "length_after_SSU": null,
      "relative_roughness_Ra_D": 2.0000420488840356e-05,
      "roughness_limit_Ra_D": 0.01956,
      "is_smooth_pipe": true
    },
    "errors": {
      "skip": false,
      "inputs_rel": {
        "corrector": {
          "rel": 0.01,
          "percent": 1.0
        },
        "T": {
          "rel": 0.003840061785161927,
          "percent": 0.3840061785161927
        },
        "p": {
          "rel": 0.003186887195995491,
          "percent": 0.3186887195995491
        },
        "dp": {
          "rel": 0.02,
          "percent": 2.0
        }
      },
      "summary": {
        "rel": 0.022910746921780203,
        "percent": 2.2910746921780203
      }
    }
  }
}