{
  "result": {
    "type": "cylindrical",
    "D": 0.06499457743999999,
    "d": 0.0249979144,
    "p1": 2000000.0,
    "t1": 285.15,
    "dp": 8000.0,
    "mu": 17.5,
    "Roc": 0.65,
    "Ro": 0.68,
    "k": 1.35,
    "C": 0.802897914227594,
    "E": 1.0111244067199359,
    "epsilon": 0.9977094158496828,
    "beta": 0.3846153846153847,
    "d_Cm": 1.0,
    "d_Epsilonm": 0.0,
    "ssu_results": {},
    "flow": {
      "mass_flow": 0.041464924255310114,
      "Re": 46416.86681371602,
      "volume_flow_actual": 0.060977829787220744,
      "volume_flow_std": 0.06379219116201555
    },
    "straightness": {
      "skip": false,
      "length_first_ms_to_ssu_D": 70.0,
      "length_between_ms_D": 22.5,
      "length_after_SSU": 0.38996746464,
      "relative_roughness_Ra_D": 4.9234876601114806e-05,
      "roughness_limit_Ra_D": 0.0074230769230769185,
      "is_smooth_pipe": true
    },
    "errors": {
      "skip": false,
      "inputs_rel": {
        "corrector": {
          "rel": 0.01,
          "percent": 1.0
        },
        "T": {
          "rel": 0.003920862664386796,
          "percent": 0.3920862664386796
        },
        "p": {
          "rel": 0.005099019513592785,
          "percent": 0.5099019513592785
        },
        "dp": {
          "rel": 0.0375,
          "percent": 3.75
        }
      },
      "summary": {
        "rel": 0.0393398419421454,
        "percent": 3.9339841942145397
      }
    },
    "errors_flow": {
      "v_D": 0.04474513172966785,
      "v_d": 2.044745131729668,
      "u_inputs": {
        "u_C": 1.0,
        "u_eps": 8.668733798823056e-05,
        "u_dp": 0.0375,
        "u_p": 0.005099019513592785,
        "u_corr": 0.01,
        "u_rho": 0.0,
        "u_rho_std": 0.0,
        "u_geom": 0.0
      },
      "u_Qm": {
        "rel": 1.0007528453692722,
        "percent": 100.07528453692723
      },
      "u_Qv": {
        "rel": 1.0007528453692722,
        "percent": 100.07528453692723
      },
      "u_Qstd": {
        "rel": 1.0007528453692722,
        "percent": 100.07528453692723
      },
      "skip": false
    }
  }
}