{
  "result": {
    "type": "cylindrical",
    "D": 0.06499457743999999,
    "d": 0.0249979144,
    "p1": 2000000.0,
    "t1": 285.15,
    "dp": 8000.0,
    "mu": 17.5,
    "Roc": 0.65,
    "Ro": 0.68,
    "k": 1.35,
    "C": 0.802897914227594,
    "E": 1.0111244067199359,
    "epsilon": 0.9977094158496828,
    "beta": 0.384615384615,
    "d_Cm": 1.0,
    "d_Epsilonm": 0.0,
    "ssu_results": {
      "beta": 0.384615384615,
      "E_speed": 1.0111244067199359,
      "straightness": null,
      "C": 0.802897914227594,
      "ssu_params": {
        "Толщина Ed": "≤ 0.00650 м",
        "Длина lf": "1.90037 ± 0.03801 м",
        "Полурасхождение конусообразности": "≤ 0.00095 м"
      },
      "Epsilon": 0.9977094158496828,
      "pressure_loss": 6374.1465634987
    },
    "flow": {
      "mass_flow": 0.04146492425522716,
      "Re": 46416.866813623164,
      "volume_flow_actual": 0.06097782978709876,
      "volume_flow_std": 0.06379219116188793
    },
    "straightness": {
      "skip": false,
      "length_first_ms_to_ssu_D": 70.0,
      "length_between_ms_D": 22.5,
      "length_after_SSU": 0.38996746464,
      "relative_roughness_Ra_D": 4.9234876601114806e-05,
      "roughness_limit_Ra_D": 0.0074230769230769185,
      "is_smooth_pipe": true
    },
    "errors": {
      "skip": true
    }
  }
}