{
  "result": {
    "type": "double",
    "D": 0.0999978976,
    "d": 0.06999852832,
    "p1": 3200000.0,
    "t1": 291.15,
    "dp": 8000.0,
    "mu": 18.999999999999996,
    "Roc": 0.64,
    "Ro": 0.64,
    "k": 1.37,
    "C": 0.6537378797723212,
    "E": 1.1471541425028298,
    "epsilon": 0.9990984762773722,
    "beta": 0.7000000000000001,
    "d_Cm": 0.5,
    "d_Epsilonm": 0.005,
    "ssu_results": {},
    "flow": {
      "mass_flow": 0.29177723395349364,
      "Re": 195531.64376413712,
      "volume_flow_actual": 0.4559019280523338,
      "volume_flow_std": 0.4559019280523338
    },
    "straightness": {
      "skip": false,
      "length_first_ms_to_ssu_D": 63.0,
      "length_between_ms_D": 22.5,
      "length_after_SSU": null,
      "relative_roughness_Ra_D": 0.00025000525611050447,
      "roughness_limit_Ra_D": 0.004,
      "is_smooth_pipe": true
    },
    "errors": {
      "skip": false,
      "inputs_rel": {
        "corrector": {
          "rel": 0.01,
          "percent": 1.0
        },
        "T": {
          "rel": 0.003840061785161927,
          "percent": 0.3840061785161927
        },
        "p": {
          "rel": 0.003186887195995491,
          "percent": 0.3186887195995491
        },
        "dp": {
          "rel": 0.0375,
          "percent": 3.75
        }
      },
      "summary": {
        "rel": 0.0391299415347616,
        "percent": 3.9129941534761596
      }
    },
    "errors_flow": {
      "v_D": 0.6319252533228059,
      "v_d": 2.631925253322806,
      "u_inputs": {
        "u_C": 0.5,
        "u_eps": 0.005000115116387769,
        "u_dp": 0.0375,
        "u_p": 0.003186887195995491,
        "u_corr": 0.01,
        "u_rho": 0.0,
        "u_rho_std": 0.0,
        "u_geom": 0.0
      },
      "u_Qm": {
        "rel": 0.501528913574459,
        "percent": 50.152891357445895
      },
      "u_Qv": {
        "rel": 0.501528913574459,
        "percent": 50.152891357445895
      },
      "u_Qstd": {
        "rel": 0.501528913574459,
        "percent": 50.152891357445895
      },
      "skip": false
    }
  }
}