{
  "result": {
    "type": "eccentric",
    "D": 0.51998906752,
    "d": 0.21999537472,
    "p1": 3200000.0,
    "t1": 291.15,
    "dp": 11000.0,
    "mu": 18.999999999999996,
    "Roc": 0.64,
    "Ro": 0.72,
    "k": 1.37,
    "C": 0.546497498433396,
    "E": 1.0164149486206029,
    "epsilon": 0.6455730643851629,
    "beta": 0.423076923077,
    "d_Cm": 1.0,
    "d_Epsilonm": 0.008781934306569343,
    "ssu_results": {
      "beta": 0.423076923077,
      "E_speed": 1.0164149486206029,
      "straightness": null,
      "C": 0.546497498433396,
      "ssu_params": {
        "Толщина EД": "≤ 0.02600 м (0…0.05·D)",
        "Вариация EД": "≤ 0.001·D (D>200 мм) или ≤ 0.2 мм (D≤200 мм)",
        "Длина e": "0.00260…0.01040 м (0.005·D…0.02·D)",
        "Вариация e": "≤ 0.001·D",
        "Угол наклона α": "при EД>0.02·D: 45° ±15°",
        "Кромки G,H,I": "острые, без заусенцев; если r_кромки ≤0.0004·d — считается острой",
        "Диаметр d": "0.46·D…0.84·D; цилиндричность ±0.05%; параллельно оси ±0.5°",
        "Отбор давления": "угловой способ (ГОСТ 8.586.2 п.5.2.3); диаметр отвода 3…10 мм; расположение диаметрально противоположно касательной точке; рекомендуемый поворот на 30° от вертикали",
        "Инверсивные потоки": "без конической части; S=e; кромки по п.10.3.3"
      },
      "Epsilon": 0.6455730643851629,
      "pressure_loss": 8854.199086630819
    },
    "flow": {
      "mass_flow": 1.7155334639567026,
      "Re": 221086.13056685048,
      "volume_flow_actual": 2.3826853666065313,
      "volume_flow_std": 2.6805210374323476
    },
    "straightness": {
      "skip": false,
      "length_first_ms_to_ssu_D": 84.52739644970416,
      "length_between_ms_D": null,
      "length_after_SSU": 3.1199344051199995,
      "relative_roughness_Ra_D": 4.8077933867404706e-05,
      "roughness_limit_Ra_D": 0.006273076923076922,
      "is_smooth_pipe": true
    },
    "errors": {
      "skip": true
    }
  }
}