{
  "result": {
    "type": "eccentric",
    "D": 0.51998906752,
    "d": 0.21999537472,
    "p1": 3200000.0,
    "t1": 291.15,
    "dp": 11000.0,
    "mu": 18.999999999999996,
    "Roc": 0.64,
    "Ro": 0.72,
    "k": 1.37,
    "C": 0.546497498433396,
    "E": 1.0164149486206029,
    "epsilon": 0.6455730643851629,
    "beta": 0.42307692307692313,
    "d_Cm": 1.0,
    "d_Epsilonm": 0.008781934306569343,
    "ssu_results": {},
    "flow": {
      "mass_flow": 1.7155334639560793,
      "Re": 221086.13056677015,
      "volume_flow_actual": 2.3826853666056658,
      "volume_flow_std": 2.6805210374313737
    },
    "straightness": {
      "skip": false,
      "length_first_ms_to_ssu_D": 84.52739644970416,
      "length_between_ms_D": null,
      "length_after_SSU": 3.1199344051199995,
      "relative_roughness_Ra_D": 4.8077933867404706e-05,
      "roughness_limit_Ra_D": 0.006273076923076922,
      "is_smooth_pipe": true
    },
    "errors": {
      "skip": false,
      "inputs_rel": {
        "corrector": {
          "rel": 0.01,
          "percent": 1.0
        },
        "T": {
          "rel": 0.003840061785161927,
          "percent": 0.3840061785161927
        },
        "p": {
          "rel": 0.003186887195995491,
          "percent": 0.3186887195995491
        },
        "dp": {
          "rel": 0.02727272727272727,
          "percent": 2.727272727272727
        }
      },
      "summary": {
        "rel": 0.029473784578951223,
        "percent": 2.9473784578951223
      }
    },
    "errors_flow": {
      "v_D": 0.06619869555879598,
      "v_d": 2.066198695558796,
      "u_inputs": {
        "u_C": 1.0,
        "u_eps": 0.013108523765823162,
        "u_dp": 0.02727272727272727,
        "u_p": 0.003186887195995491,
        "u_corr": 0.01,
        "u_rho": 0.0,
        "u_rho_std": 0.0,
        "u_geom": 0.0
      },
      "u_Qm": {
        "rel": 1.000507688650223,
        "percent": 100.0507688650223
      },
      "u_Qv": {
        "rel": 1.000507688650223,
        "percent": 100.0507688650223
      },
      "u_Qstd": {
        "rel": 1.000507688650223,
        "percent": 100.0507688650223
      },
      "skip": false
    }
  }
}