{
  "result": {
    "type": "cone",
    "D": 0.0999967351444,
    "d": 0.06999771460108001,
    "p1": 2000000.0,
    "t1": 291.15,
    "dp": 8000.0,
    "mu": 11.065910478643392,
    "Roc": 0.706137623800469,
    "Ro": 14.623324308025008,
    "k": 1.3041665116912142,
    "C": 0.82,
    "E": 1.1625549411016565,
    "epsilon": 0.9981281184,
    "beta": 0.714142842854285,
    "d_Cm": 5.0,
    "d_Epsilonm": 0.0002944409295574054,
    "ssu_results": {
      "beta": 0.714142842854285,
      "E_speed": 1.1625549411016565,
      "straightness": null,
      "C": 0.82,
      "ssu_params": {},
      "Epsilon": 0.9981281184,
      "pressure_loss": 4075.214950075732
    },
    "flow": {
      "mass_flow": 1.843437318235814,
      "Re": 2121121.3749592914,
      "volume_flow_actual": 0.12606143988916185,
      "volume_flow_std": 2.6105921227003024
    },
    "straightness": {
      "skip": false,
      "length_first_ms_to_ssu_D": 0,
      "length_between_ms_D": null,
      "length_after_SSU": 2,
      "relative_roughness_Ra_D": 2.000065299243926e-05,
      "roughness_limit_Ra_D": 0.004,
      "is_smooth_pipe": true
    },
    "phys": {
      "skip": false,
      "rho": 14.623324308025008,
      "rho_st": 0.706137623800469,
      "k": 1.3041665116912142,
      "mu": 11.065910478643392,
      "err_ro": 0.1,
      "err_ro_st": 0.1,
      "err_k": 0.5,
      "err_mu": 1.9,
      "thetas": {
        "theta_rho_T": -1.1621714372449774,
        "theta_k_T": -0.0767899256193628,
        "theta_rho_p_abs": 1.0457147698869729,
        "theta_k_p_abs": 0.00986361023682189
      }
    },
    "errors": {
      "skip": false,
      "inputs_rel": {
        "corrector": {
          "rel": 0.01,
          "percent": 1.0
        },
        "T": {
          "rel": 0.003840061785161927,
          "percent": 0.3840061785161927
        },
        "p": {
          "rel": 0.005099019513592785,
          "percent": 0.5099019513592785
        },
        "dp": {
          "rel": 0.0375,
          "percent": 3.75
        }
      },
      "summary": {
        "rel": 0.03933187097652311,
        "percent": 3.933187097652311
      }
    },
    "errors_flow": {
      "u_v_D": 0.45969152286482906,
      "u_v_d": 0.18178863680322038,
      "u_inputs": {
        "u_C": 5.0,
        "u_eps": 0.00030284316089549925,
        "u_dp": 0.0375,
        "u_p": 0.005099019513592785,
        "u_corr": 0.01,
        "u_rho": 0.009752525868553893,
        "u_rho_std": 0.14161545374369783
      },
      "u_Qm": {
        "rel": 5.0245362828961
      },
      "u_Qv": {
        "rel": 5.0245362828961
      },
      "u_Qstd": {
        "rel": 5.026522125995027
      },
      "skip": false
    }
  }
}