{
  "result": {
    "type": "quarter_nozzle",
    "D": 0.07999332608,
    "d": 0.03999666304,
    "p1": 5000000.0,
    "t1": 285.15,
    "dp": 1000.0,
    "mu": 17.5,
    "Roc": 0.65,
    "Ro": 0.7,
    "k": 1.35,
    "C": 0.8053082168696127,
    "E": 1.0327955589886444,
    "epsilon": 0.9999140370370371,
    "beta": 0.5,
    "ssu_results": {
      "beta": 0.5,
      "E_speed": 1.0327955589886444,
      "straightness": null,
      "C": 0.8053082168696127,
      "ssu_params": {
        "Диапазон D": "0.025--0.500 м",
        "Диапазон d": "0.010--0.300 м",
        "Диапазон β": "0.10--0.70",
        "Толщина EД": "≤ 0.1·D = 0.00800 м",
        "Длина e": "0.00250--0.00800 м",
        "Вариация e": "≤ 0.000200 м",
        "Формула r": "r = d·(0.09234828 − 0.12652313·√β) / (1 − 2.2516243·√β + 0.22777416·β)",
        "Допуск r": "±1% от расчетного r"
      },
      "Epsilon": 0.9999140370370371,
      "pressure_loss": 649.375
    },
    "flow": {
      "mass_flow": 0.039096742597106646,
      "Re": 35559.76564143738,
      "volume_flow_actual": 0.055852489424438066,
      "volume_flow_std": 0.06014883476477945
    },
    "straightness": {
      "skip": true
    },
    "errors": {
      "skip": true
    }
  }
}