{
  "result": {
    "type": "quarter_nozzle",
    "D": 0.054995411679999995,
    "d": 0.015998665215999998,
    "p1": 2000000.0,
    "t1": 285.15,
    "dp": 8000.0,
    "mu": 17.5,
    "Roc": 0.65,
    "Ro": 0.7,
    "k": 1.35,
    "C": 0.7702112195165245,
    "E": 1.0036003079936222,
    "epsilon": 0.9985332463722626,
    "beta": 0.2909090909090909,
    "d_Cm": 1.0,
    "d_Epsilonm": 0.005,
    "ssu_results": {},
    "flow": {
      "mass_flow": 0.016420998058111057,
      "Re": 21724.268524448882,
      "volume_flow_actual": 0.02345856865444437,
      "volume_flow_std": 0.02526307393555547
    },
    "straightness": {
      "skip": true
    },
    "errors": {
      "skip": true
    }
  }
}