{
  "result": {
    "type": "quarter_nozzle",
    "D": 0.07999332608,
    "d": 0.03999666304,
    "p1": 5000000.0,
    "t1": 285.15,
    "dp": 1000.0,
    "mu": 17.5,
    "Roc": 0.65,
    "Ro": 0.7,
    "k": 1.35,
    "C": 0.8053082168696127,
    "E": 1.0327955589886444,
    "epsilon": 0.9999140370370371,
    "beta": 0.5,
    "d_Cm": 1.0,
    "d_Epsilonm": 0.00025,
    "ssu_results": {},
    "flow": {
      "mass_flow": 0.039096742597106646,
      "Re": 35559.76564143738,
      "volume_flow_actual": 0.055852489424438066,
      "volume_flow_std": 0.06014883476477945
    },
    "straightness": {
      "skip": true
    },
    "errors": {
      "skip": false,
      "inputs_rel": {
        "corrector": {
          "rel": 0.01,
          "percent": 1.0
        },
        "T": {
          "rel": 0.003920862664386796,
          "percent": 0.3920862664386796
        },
        "p": {
          "rel": 0.002039607805437114,
          "percent": 0.2039607805437114
        },
        "dp": {
          "rel": 0.3,
          "percent": 30.0
        }
      },
      "summary": {
        "rel": 0.3001991558349773,
        "percent": 30.01991558349773
      }
    },
    "errors_flow": {
      "v_D": 0.13333333333333333,
      "v_d": 2.1333333333333333,
      "u_inputs": {
        "u_C": 1.0,
        "u_eps": 0.00025132667492923995,
        "u_dp": 0.3,
        "u_p": 0.002039607805437114,
        "u_corr": 0.01,
        "u_rho": 0.0,
        "u_rho_std": 0.0,
        "u_geom": 0.0
      },
      "u_Qm": {
        "rel": 1.0440785713561493,
        "percent": 104.40785713561493
      },
      "u_Qv": {
        "rel": 1.0440785713561493,
        "percent": 104.40785713561493
      },
      "u_Qstd": {
        "rel": 1.0440785713561493,
        "percent": 104.40785713561493
      },
      "skip": false
    }
  }
}