{
  "result": {
    "type": "quarter_nozzle",
    "D": 0.054995411679999995,
    "d": 0.015998665215999998,
    "p1": 2000000.0,
    "t1": 285.15,
    "dp": 8000.0,
    "mu": 17.5,
    "Roc": 0.65,
    "Ro": 0.7,
    "k": 1.35,
    "C": 0.7702112195165245,
    "E": 1.0036003079936222,
    "epsilon": 0.9985332463722626,
    "beta": 0.290909090909,
    "ssu_results": {
      "beta": 0.290909090909,
      "E_speed": 1.0036003079936222,
      "straightness": null,
      "C": 0.7702112195165245,
      "ssu_params": {
        "Диапазон D": "0.025--0.500 м",
        "Диапазон d": "0.010--0.300 м",
        "Диапазон β": "0.10--0.70",
        "Толщина EД": "≤ 0.1·D = 0.00550 м",
        "Длина e": "0.00250--0.00550 м",
        "Вариация e": "≤ 0.000200 м",
        "Формула r": "r = d·(0.09234828 − 0.12652313·√β) / (1 − 2.2516243·√β + 0.22777416·β)",
        "Допуск r": "±1% от расчетного r"
      },
      "Epsilon": 0.9985332463722626,
      "pressure_loss": 6979.937374770097
    },
    "flow": {
      "mass_flow": 0.016420998058100794,
      "Re": 21724.268524435305,
      "volume_flow_actual": 0.023458568654429707,
      "volume_flow_std": 0.02526307393553968
    },
    "straightness": {
      "skip": true
    },
    "errors": {
      "skip": true
    }
  }
}