{
  "result": {
    "type": "quarter_nozzle",
    "D": 0.07999332608,
    "d": 0.03999666304,
    "p1": 5000000.0,
    "t1": 285.15,
    "dp": 1000.0,
    "mu": 17.5,
    "Roc": 0.65,
    "Ro": 0.7,
    "k": 1.35,
    "C": 0.8053082168696127,
    "E": 1.0327955589886444,
    "epsilon": 0.9999140370370371,
    "beta": 0.5,
    "d_Cm": 1.0,
    "d_Epsilonm": 0.00025,
    "ssu_results": {},
    "flow": {
      "mass_flow": 0.039096742597106646,
      "Re": 35559.76564143738,
      "volume_flow_actual": 0.055852489424438066,
      "volume_flow_std": 0.06014883476477945
    },
    "straightness": {
      "skip": true
    },
    "errors": {
      "skip": true
    }
  }
}