{
  "result": {
    "type": "quarter",
    "D": 0.054995411679999995,
    "d": 0.015998665215999998,
    "p1": 2000000.0,
    "t1": 285.15,
    "dp": 8000.0,
    "mu": 17.5,
    "Roc": 0.65,
    "Ro": 0.7,
    "k": 1.35,
    "C": 0.7733317063861724,
    "E": 1.0036003079936222,
    "epsilon": 0.998953883152217,
    "beta": 0.290909090909,
    "ssu_results": {
      "beta": 0.290909090909,
      "E_speed": 1.0036003079936222,
      "straightness": null,
      "C": 0.7733317063861724,
      "ssu_params": {
        "Длина отверстия e": "0.0025…0.00550 м (≥2.5 мм, ≤0.1·D)",
        "Обработка Ed при большом r": "если r>0.1·D: удалить металл до r; если Ed>r: скруглить выходной торец Ø1.5d под 45°",
        "Вариация e": "≤ 0.001·D (D>200 мм) или ≤ 0.2 мм (D≤200 мм)",
        "Профиль радиус r": "r = 3.17e-6·d·e^(16.8β) + 0.0554·d·e^(1.016β) + 0.029·d; ±1 %",
        "Касательная к профилю": "перпендикулярна торцу ±1°",
        "Кромки и профиль": "острые, без заусенцев и неровностей",
        "Диаметр d": "соосность ±0.5 °, цилиндричность ±0.05 %",
        "Отбор давления": "угловой способ (п.4.1.11); фланцевый (D>40 мм, ГОСТ 8.586.2 п.5.2.2)"
      },
      "Epsilon": 0.998953883152217,
      "pressure_loss": 7233.999868834226
    },
    "flow": {
      "mass_flow": 0.016494472670096738,
      "Re": 21821.472250730196,
      "volume_flow_actual": 0.023563532385852484,
      "volume_flow_std": 0.025376111800148825
    },
    "straightness": {
      "skip": true
    },
    "errors": {
      "skip": true
    }
  }
}