{
  "result": {
    "type": "quarter",
    "D": 0.054995411679999995,
    "d": 0.015998665215999998,
    "p1": 2000000.0,
    "t1": 285.15,
    "dp": 8000.0,
    "mu": 17.5,
    "Roc": 0.65,
    "Ro": 0.7,
    "k": 1.35,
    "C": 0.7733317063861724,
    "E": 1.0036003079936222,
    "epsilon": 0.998953883152217,
    "beta": 0.2909090909090909,
    "d_Cm": 2.5,
    "d_Epsilonm": 0.01037037037037037,
    "ssu_results": {},
    "flow": {
      "mass_flow": 0.01649447267010704,
      "Re": 21821.472250743824,
      "volume_flow_actual": 0.023563532385867197,
      "volume_flow_std": 0.025376111800164674
    },
    "straightness": {
      "skip": true
    },
    "errors": {
      "skip": false,
      "inputs_rel": {
        "corrector": {
          "rel": 0.01,
          "percent": 1.0
        },
        "T": {
          "rel": 0.003920862664386796,
          "percent": 0.3920862664386796
        },
        "p": {
          "rel": 0.005099019513592785,
          "percent": 0.5099019513592785
        },
        "dp": {
          "rel": 0.0375,
          "percent": 3.75
        }
      },
      "summary": {
        "rel": 0.0393398419421454,
        "percent": 3.9339841942145397
      }
    }
  }
}