{
  "result": {
    "type": "cone",
    "D": 0.0999967351444,
    "d": 0.06999771460108001,
    "p1": 2000000.0,
    "t1": 291.15,
    "dp": 8000.0,
    "mu": 10.894765530586799,
    "Roc": 0.7574897416692048,
    "Ro": 15.805794437018985,
    "k": 1.283516335127836,
    "C": 0.82,
    "E": 1.1625549411016565,
    "epsilon": 0.9981281184,
    "beta": 0.714142842854285,
    "d_Cm": 5.0,
    "d_Epsilonm": 0.0002991781167800675,
    "ssu_results": {
      "beta": 0.714142842854285,
      "E_speed": 1.1625549411016565,
      "straightness": null,
      "C": 0.82,
      "ssu_params": {},
      "Epsilon": 0.9981281184,
      "pressure_loss": 4075.214950075732
    },
    "flow": {
      "mass_flow": 1.9165205656401751,
      "Re": 2239854.944003947,
      "volume_flow_actual": 0.12125430159660079,
      "volume_flow_std": 2.5300944160866514
    },
    "straightness": {
      "skip": false,
      "length_first_ms_to_ssu_D": 0,
      "length_between_ms_D": null,
      "length_after_SSU": 2,
      "relative_roughness_Ra_D": 2.000065299243926e-05,
      "roughness_limit_Ra_D": 0.004,
      "is_smooth_pipe": true
    },
    "phys": {
      "skip": false,
      "rho": 15.805794437018985,
      "rho_st": 0.7574897416692048,
      "k": 1.283516335127836,
      "mu": 10.894765530586799,
      "err_ro": 0.1,
      "err_ro_st": 0.1,
      "err_k": 0.5,
      "err_mu": 1.9,
      "thetas": {
        "theta_rho_T": -1.1900462233736364,
        "theta_k_T": -0.07630392721472927,
        "theta_rho_p_abs": 1.0546655250938357,
        "theta_k_p_abs": 0.007229410678691269
      }
    },
    "errors": {
      "skip": false,
      "inputs_rel": {
        "corrector": {
          "rel": 0.01,
          "percent": 1.0
        },
        "T": {
          "rel": 0.003840061785161927,
          "percent": 0.3840061785161927
        },
        "p": {
          "rel": 0.005099019513592785,
          "percent": 0.5099019513592785
        },
        "dp": {
          "rel": 0.0375,
          "percent": 3.75
        }
      },
      "summary": {
        "rel": 0.03933187097652311,
        "percent": 3.933187097652311
      }
    },
    "errors_flow": {
      "v_D": 4.597065316192702,
      "v_d": 2.5970653161927024,
      "u_inputs": {
        "u_C": 5.0,
        "u_eps": 0.00030745091423285106,
        "u_dp": 0.0375,
        "u_p": 0.005099019513592785,
        "u_corr": 0.01,
        "u_rho": 0.0,
        "u_rho_std": 0.0,
        "u_geom": 0.0
      },
      "u_Qm": {
        "rel": 5.000150632183601,
        "percent": 500.0150632183601
      },
      "u_Qv": {
        "rel": 5.000150632183601,
        "percent": 500.0150632183601
      },
      "u_Qstd": {
        "rel": 5.000150632183601,
        "percent": 500.0150632183601
      },
      "skip": false
    }
  }
}