{
  "result": {
    "type": "sharp",
    "D": 0.0499973825,
    "d": 0.019998953,
    "p1": 2000000.0,
    "t1": 288.15,
    "dp": 28000.0,
    "mu": 20.0,
    "Roc": 0.68,
    "Ro": 0.7,
    "k": 1.4,
    "C": 0.6057002851324191,
    "E": 1.0130511230913846,
    "epsilon": 0.9958104,
    "beta": 0.4,
    "d_Cm": 0.46573788716181386,
    "d_Epsilonm": 0.028,
    "ssu_results": {},
    "flow": {
      "mass_flow": 0.03800259317350771,
      "Re": 48388.9375918755,
      "volume_flow_actual": 0.054289418819296734,
      "volume_flow_std": 0.055886166431628984
    },
    "straightness": {
      "skip": false,
      "length_first_ms_to_ssu_D": 60.0,
      "length_between_ms_D": 7.5,
      "length_after_SSU": null,
      "relative_roughness_Ra_D": 6.000314116443996e-05,
      "roughness_limit_Ra_D": 0.006849999999999999,
      "is_smooth_pipe": true
    },
    "errors": {
      "skip": false,
      "inputs_rel": {
        "corrector": {
          "rel": 0.01,
          "percent": 1.0
        },
        "T": {
          "rel": 0.0038800416059340446,
          "percent": 0.3880041605934045
        },
        "p": {
          "rel": 0.005099019513592785,
          "percent": 0.5099019513592785
        },
        "dp": {
          "rel": 0.010714285714285714,
          "percent": 1.0714285714285714
        }
      },
      "summary": {
        "rel": 0.015995331857486614,
        "percent": 1.5995331857486614
      }
    },
    "errors_flow": {
      "v_D": 0.05254515599343186,
      "v_d": 2.052545155993432,
      "u_inputs": {
        "u_C": 0.46573788716181386,
        "u_eps": 0.028000044131309812,
        "u_dp": 0.010714285714285714,
        "u_p": 0.005099019513592785,
        "u_corr": 0.01,
        "u_rho": 0.0,
        "u_rho_std": 0.0,
        "u_geom": 0.0
      },
      "u_Qm": {
        "rel": 0.46680893085680475,
        "percent": 46.680893085680474
      },
      "u_Qv": {
        "rel": 0.46680893085680475,
        "percent": 46.680893085680474
      },
      "u_Qstd": {
        "rel": 0.46680893085680475,
        "percent": 46.680893085680474
      },
      "skip": false
    }
  }
}