{
  "result": {
    "type": "segment",
    "D": 0.11999747711999999,
    "d": 0.0499989488,
    "p1": 3200000.0,
    "t1": 291.15,
    "dp": 15000.0,
    "mu": 18.999999999999996,
    "Roc": 0.64,
    "Ro": 0.72,
    "k": 1.37,
    "C": 0.5934167555019568,
    "E": 1.0882065847980282,
    "epsilon": 0.9984103703597642,
    "beta": 0.4166666666666667,
    "d_Cm": 0.8333151973770809,
    "d_Epsilonm": 0.01875,
    "ssu_results": {},
    "flow": {
      "mass_flow": 0.18604531658873982,
      "Re": 103897.03266172187,
      "volume_flow_actual": 0.2583962730399164,
      "volume_flow_std": 0.29069580716990595
    },
    "straightness": {
      "skip": false,
      "length_first_ms_to_ssu_D": 5.0,
      "length_between_ms_D": 7.5,
      "length_after_SSU": null,
      "relative_roughness_Ra_D": 0.0002083377134254204,
      "roughness_limit_Ra_D": 0.006433333333333333,
      "is_smooth_pipe": true
    },
    "errors": {
      "skip": false,
      "inputs_rel": {
        "corrector": {
          "rel": 0.01,
          "percent": 1.0
        },
        "T": {
          "rel": 0.003840061785161927,
          "percent": 0.3840061785161927
        },
        "p": {
          "rel": 0.003186887195995491,
          "percent": 0.3186887195995491
        },
        "dp": {
          "rel": 0.02,
          "percent": 2.0
        }
      },
      "summary": {
        "rel": 0.022910746921780203,
        "percent": 2.2910746921780203
      }
    }
  }
}