{
  "result": {
    "type": "sharp",
    "D": 0.0499973825,
    "d": 0.019998953,
    "p1": 2500000.0,
    "t1": 288.15,
    "dp": 25000.0,
    "mu": 20.0,
    "Roc": 0.65,
    "Ro": 0.7,
    "k": 1.33,
    "C": 0.6057002851324191,
    "E": 1.0130511230913846,
    "epsilon": 0.99684992481203,
    "beta": 0.4,
    "ssu_results": {
      "beta": 0.4,
      "E_speed": 1.0130511230913846,
      "straightness": null,
      "C": 0.6057002851324191,
      "ssu_params": {
        "Толщина EД": "≤ 0.00250 м (0…0.05·D)",
        "Длина цилиндрической части e": "0.00025…0.00100 м (0.005·D…0.02·D)",
        "Угол наклона α": "при EД > 0.00100 м: 30°…45°",
        "Кромки G, H, I": "острые, без заусенцев и неровностей",
        "Диаметр d": "параллельно оси ±0.5°, цилиндричность ±0.05%",
        "Отбор давления": "угловой способ (п.4.1.11)"
      },
      "Epsilon": 0.99684992481203,
      "pressure_loss": 20660.0
    },
    "flow": {
      "mass_flow": 0.03594656067815724,
      "Re": 45770.97866338486,
      "volume_flow_actual": 0.05135222954022463,
      "volume_flow_std": 0.05530240104331883
    },
    "straightness": {
      "skip": false,
      "length_first_ms_to_ssu_D": 80.0,
      "length_between_ms_D": 22.5,
      "length_after_SSU": 0.299984295,
      "relative_roughness_Ra_D": 6.000314116443996e-05,
      "roughness_limit_Ra_D": 0.006849999999999999,
      "is_smooth_pipe": true
    },
    "errors": {
      "skip": true
    }
  }
}