{
  "result": {
    "type": "sharp",
    "D": 0.0499973825,
    "d": 0.019998953,
    "p1": 2000000.0,
    "t1": 288.15,
    "dp": 28000.0,
    "mu": 20.0,
    "Roc": 0.68,
    "Ro": 0.7,
    "k": 1.4,
    "C": 0.6057002851324191,
    "E": 1.0130511230913846,
    "epsilon": 0.9958104,
    "beta": 0.4,
    "ssu_results": {
      "beta": 0.4,
      "E_speed": 1.0130511230913846,
      "straightness": null,
      "C": 0.6057002851324191,
      "ssu_params": {
        "Толщина EД": "≤ 0.00250 м (0…0.05·D)",
        "Длина цилиндрической части e": "0.00025…0.00100 м (0.005·D…0.02·D)",
        "Угол наклона α": "при EД > 0.00100 м: 30°…45°",
        "Кромки G, H, I": "острые, без заусенцев и неровностей",
        "Диаметр d": "параллельно оси ±0.5°, цилиндричность ±0.05%",
        "Отбор давления": "угловой способ (п.4.1.11)"
      },
      "Epsilon": 0.9958104,
      "pressure_loss": 23139.2
    },
    "flow": {
      "mass_flow": 0.03800259317350771,
      "Re": 48388.9375918755,
      "volume_flow_actual": 0.054289418819296734,
      "volume_flow_std": 0.055886166431628984
    },
    "straightness": {
      "skip": false,
      "length_first_ms_to_ssu_D": 60.0,
      "length_between_ms_D": 7.5,
      "length_after_SSU": null,
      "relative_roughness_Ra_D": 6.000314116443996e-05,
      "roughness_limit_Ra_D": 0.006849999999999999,
      "is_smooth_pipe": true
    },
    "errors": {
      "skip": true
    }
  }
}