{
  "result": {
    "type": "sharp",
    "D": 0.0499973825,
    "d": 0.019998953,
    "p1": 2500000.0,
    "t1": 288.15,
    "dp": 25000.0,
    "mu": 20.0,
    "Roc": 0.65,
    "Ro": 0.7,
    "k": 1.33,
    "C": 0.6057002851324191,
    "E": 1.0130511230913846,
    "epsilon": 0.99684992481203,
    "beta": 0.4,
    "d_Cm": 0.46573788716181386,
    "d_Epsilonm": 0.02,
    "ssu_results": {},
    "flow": {
      "mass_flow": 0.03594656067815724,
      "Re": 45770.97866338486,
      "volume_flow_actual": 0.05135222954022463,
      "volume_flow_std": 0.05530240104331883
    },
    "straightness": {
      "skip": false,
      "length_first_ms_to_ssu_D": 80.0,
      "length_between_ms_D": 22.5,
      "length_after_SSU": 0.299984295,
      "relative_roughness_Ra_D": 6.000314116443996e-05,
      "roughness_limit_Ra_D": 0.006849999999999999,
      "is_smooth_pipe": true
    },
    "errors": {
      "skip": false,
      "inputs_rel": {
        "corrector": {
          "rel": 0.01,
          "percent": 1.0
        },
        "T": {
          "rel": 0.0038800416059340446,
          "percent": 0.3880041605934045
        },
        "p": {
          "rel": 0.004079215610874228,
          "percent": 0.4079215610874228
        },
        "dp": {
          "rel": 0.012,
          "percent": 1.2
        }
      },
      "summary": {
        "rel": 0.016604057421720126,
        "percent": 1.6604057421720126
      }
    },
    "errors_flow": {
      "v_D": 0.05254515599343186,
      "v_d": 2.052545155993432,
      "u_inputs": {
        "u_C": 0.46573788716181386,
        "u_eps": 0.020000039850622636,
        "u_dp": 0.012,
        "u_p": 0.004079215610874228,
        "u_corr": 0.01,
        "u_rho": 0.0,
        "u_rho_std": 0.0,
        "u_geom": 0.0
      },
      "u_Qm": {
        "rel": 0.46642875247134685,
        "percent": 46.64287524713468
      },
      "u_Qv": {
        "rel": 0.46642875247134685,
        "percent": 46.64287524713468
      },
      "u_Qstd": {
        "rel": 0.46642875247134685,
        "percent": 46.64287524713468
      },
      "skip": false
    }
  }
}