{
  "result": {
    "type": "wear",
    "D": 0.0999916576,
    "d": 0.0499958288,
    "p1": 2000000.0,
    "t1": 285.15,
    "dp": 8000.0,
    "mu": 17.5,
    "Roc": 0.65,
    "Ro": 0.68,
    "k": 1.35,
    "C": 0.6205630933304572,
    "E": 1.0327955589886444,
    "epsilon": 0.9989012583233176,
    "beta": 0.5,
    "d_Cm": 0.2,
    "d_Epsilonm": 0.01037037037037037,
    "ssu_results": {},
    "flow": {
      "mass_flow": 0.13109759929785295,
      "Re": 95390.04218794868,
      "volume_flow_actual": 0.19279058720272488,
      "volume_flow_std": 0.20168861430438914
    },
    "straightness": {
      "skip": false,
      "length_first_ms_to_ssu_D": 92.7,
      "length_between_ms_D": 0,
      "length_after_SSU": 0.6999416032000001,
      "relative_roughness_Ra_D": 3.000250292880433e-05,
      "roughness_limit_Ra_D": 0.004900000000000001,
      "is_smooth_pipe": true
    },
    "errors": {
      "skip": false,
      "inputs_rel": {
        "corrector": {
          "rel": 0.01,
          "percent": 1.0
        },
        "T": {
          "rel": 0.003920862664386796,
          "percent": 0.3920862664386796
        },
        "p": {
          "rel": 0.005099019513592785,
          "percent": 0.5099019513592785
        },
        "dp": {
          "rel": 0.0375,
          "percent": 3.75
        }
      },
      "summary": {
        "rel": 0.0393398419421454,
        "percent": 3.9339841942145397
      }
    },
    "errors_flow": {
      "v_D": 0.13333333333333333,
      "v_d": 2.1333333333333333,
      "u_inputs": {
        "u_C": 0.2,
        "u_eps": 0.01037045373542111,
        "u_dp": 0.0375,
        "u_p": 0.005099019513592785,
        "u_corr": 0.01,
        "u_rho": 0.0,
        "u_rho_std": 0.0,
        "u_geom": 0.0
      },
      "u_Qm": {
        "rel": 0.2039945987291784,
        "percent": 20.39945987291784
      },
      "u_Qv": {
        "rel": 0.2039945987291784,
        "percent": 20.39945987291784
      },
      "u_Qstd": {
        "rel": 0.2039945987291784,
        "percent": 20.39945987291784
      },
      "skip": false
    }
  }
}