{
  "result": {
    "type": "wear",
    "D": 0.0999916576,
    "d": 0.0499958288,
    "p1": 2000000.0,
    "t1": 285.15,
    "dp": 8000.0,
    "mu": 17.5,
    "Roc": 0.65,
    "Ro": 0.68,
    "k": 1.35,
    "C": 0.6205630933304572,
    "E": 1.0327955589886444,
    "epsilon": 0.9989012583233176,
    "beta": 0.5,
    "d_Cm": 0.2,
    "d_Epsilonm": 0.01037037037037037,
    "ssu_results": {},
    "flow": {
      "mass_flow": 0.13109759929785295,
      "Re": 95390.04218794868,
      "volume_flow_actual": 0.19279058720272488,
      "volume_flow_std": 0.20168861430438914
    },
    "straightness": {
      "skip": false,
      "length_first_ms_to_ssu_D": 92.7,
      "length_between_ms_D": 0,
      "length_after_SSU": 0.6999416032000001,
      "relative_roughness_Ra_D": 3.000250292880433e-05,
      "roughness_limit_Ra_D": 0.004900000000000001,
      "is_smooth_pipe": true
    },
    "errors": {
      "skip": true
    }
  }
}