{
  "result": {
    "type": "wear",
    "D": 0.19498373232,
    "d": 0.11998998911999999,
    "p1": 2000000.0,
    "t1": 285.15,
    "dp": 8000.0,
    "mu": 17.5,
    "Roc": 0.65,
    "Ro": 0.68,
    "k": 1.35,
    "C": 0.6143563221209333,
    "E": 1.0804734374191722,
    "epsilon": 0.9987939191887231,
    "beta": 0.6153846153846153,
    "d_Cm": 0.2,
    "d_Epsilonm": 0.01037037037037037,
    "ssu_results": {},
    "flow": {
      "mass_flow": 0.7819962545316828,
      "Re": 291795.3478939371,
      "volume_flow_actual": 1.149994491958357,
      "volume_flow_std": 1.2030711608179734
    },
    "straightness": {
      "skip": false,
      "length_first_ms_to_ssu_D": 52.0,
      "length_between_ms_D": 15,
      "length_after_SSU": 1.36488612624,
      "relative_roughness_Ra_D": 1.5385898937848377e-05,
      "roughness_limit_Ra_D": 0.00416923076923077,
      "is_smooth_pipe": true
    },
    "errors": {
      "skip": true
    }
  }
}