{
  "result": {
    "type": "wear",
    "D": 0.19498373232,
    "d": 0.14998748639999998,
    "p1": 2000000.0,
    "t1": 285.15,
    "dp": 8000.0,
    "mu": 17.5,
    "Roc": 0.65,
    "Ro": 0.68,
    "k": 1.35,
    "C": 0.5998901850606319,
    "E": 1.2404692963602362,
    "epsilon": 0.9983557659191048,
    "beta": 0.769230769231,
    "ssu_results": {
      "beta": 0.769230769231,
      "E_speed": 1.2404692963602362,
      "straightness": null,
      "C": 0.5998901850606319,
      "ssu_params": {
        "Толщина EД": "≤ 0.00975 м (0…0.05·D)",
        "Длина цилиндрической части e": "0.00097…0.00365 м (0.005·D…0.02·(D-0.0125))",
        "Угол наклона α": "при EД > 0.00365 м: 45° ±1°",
        "Кромки G,H,I": "острые, без заусенцев и неровностей",
        "Диаметр d": "параллельно оси ±0.5°, цилиндричность ±0.05%",
        "Отбор давления": "угловой способ (п.4.1.11)",
        "Глубина фаски b": "0.25·d ±0.0005·d при d≤125 мм; 0.25·d²/(13d-1000) ±0.002·d²/(13d-1000) при d>125 мм",
        "Угол фаски": "45° ±5°"
      },
      "Epsilon": 0.9983557659191048,
      "pressure_loss": 3295.6213017724217
    },
    "flow": {
      "mass_flow": 1.3691703607280639,
      "Re": 510894.4440839725,
      "volume_flow_actual": 2.0134858246000937,
      "volume_flow_std": 2.1064159395816366
    },
    "straightness": {
      "skip": false,
      "length_first_ms_to_ssu_D": 133.7419526627219,
      "length_between_ms_D": 0,
      "length_after_SSU": null,
      "relative_roughness_Ra_D": 1.5385898937848377e-05,
      "roughness_limit_Ra_D": 0.003930769230769231,
      "is_smooth_pipe": true
    },
    "errors": {
      "skip": true
    }
  }
}