{
  "result": {
    "type": "wear",
    "D": 0.19498373232,
    "d": 0.11998998911999999,
    "p1": 2000000.0,
    "t1": 285.15,
    "dp": 8000.0,
    "mu": 17.5,
    "Roc": 0.65,
    "Ro": 0.68,
    "k": 1.35,
    "C": 0.6143563221209333,
    "E": 1.0804734374191722,
    "epsilon": 0.9987939191887231,
    "beta": 0.6153846153846153,
    "d_Cm": 0.2,
    "d_Epsilonm": 0.01037037037037037,
    "ssu_results": {},
    "flow": {
      "mass_flow": 0.7819962545316828,
      "Re": 291795.3478939371,
      "volume_flow_actual": 1.149994491958357,
      "volume_flow_std": 1.2030711608179734
    },
    "straightness": {
      "skip": false,
      "length_first_ms_to_ssu_D": 52.0,
      "length_between_ms_D": 15,
      "length_after_SSU": 1.36488612624,
      "relative_roughness_Ra_D": 1.5385898937848377e-05,
      "roughness_limit_Ra_D": 0.00416923076923077,
      "is_smooth_pipe": true
    },
    "errors": {
      "skip": false,
      "inputs_rel": {
        "corrector": {
          "rel": 0.01,
          "percent": 1.0
        },
        "T": {
          "rel": 0.003920862664386796,
          "percent": 0.3920862664386796
        },
        "p": {
          "rel": 0.005099019513592785,
          "percent": 0.5099019513592785
        },
        "dp": {
          "rel": 0.0375,
          "percent": 3.75
        }
      },
      "summary": {
        "rel": 0.0393398419421454,
        "percent": 3.9339841942145397
      }
    },
    "errors_flow": {
      "v_D": 0.33484569793582647,
      "v_d": 2.3348456979358265,
      "u_inputs": {
        "u_C": 0.2,
        "u_eps": 0.010370470819292422,
        "u_dp": 0.0375,
        "u_p": 0.005099019513592785,
        "u_corr": 0.01,
        "u_rho": 0.0,
        "u_rho_std": 0.0,
        "u_geom": 0.0
      },
      "u_Qm": {
        "rel": 0.20399459959767025,
        "percent": 20.399459959767025
      },
      "u_Qv": {
        "rel": 0.20399459959767025,
        "percent": 20.399459959767025
      },
      "u_Qstd": {
        "rel": 0.20399459959767025,
        "percent": 20.399459959767025
      },
      "skip": false
    }
  }
}