{
  "result": {
    "type": "wear",
    "D": 0.19498373232,
    "d": 0.14998748639999998,
    "p1": 2000000.0,
    "t1": 285.15,
    "dp": 8000.0,
    "mu": 17.5,
    "Roc": 0.65,
    "Ro": 0.68,
    "k": 1.35,
    "C": 0.5998901850606319,
    "E": 1.2404692963602362,
    "epsilon": 0.9983557659191048,
    "beta": 0.7692307692307692,
    "d_Cm": 0.37337278106537275,
    "d_Epsilonm": 0.01037037037037037,
    "ssu_results": {},
    "flow": {
      "mass_flow": 1.3691703607272423,
      "Re": 510894.4440836659,
      "volume_flow_actual": 2.0134858245988854,
      "volume_flow_std": 2.1064159395803728
    },
    "straightness": {
      "skip": false,
      "length_first_ms_to_ssu_D": 133.7419526627219,
      "length_between_ms_D": 0,
      "length_after_SSU": null,
      "relative_roughness_Ra_D": 1.5385898937848377e-05,
      "roughness_limit_Ra_D": 0.003930769230769231,
      "is_smooth_pipe": true
    },
    "errors": {
      "skip": false,
      "inputs_rel": {
        "corrector": {
          "rel": 0.01,
          "percent": 1.0
        },
        "T": {
          "rel": 0.003920862664386796,
          "percent": 0.3920862664386796
        },
        "p": {
          "rel": 0.005099019513592785,
          "percent": 0.5099019513592785
        },
        "dp": {
          "rel": 0.0375,
          "percent": 3.75
        }
      },
      "summary": {
        "rel": 0.0393398419421454,
        "percent": 3.9339841942145397
      }
    }
  }
}