{
  "result": {
    "type": "wedge",
    "D": 0.06499457743999999,
    "d": 0.0249979144,
    "p1": 2000000.0,
    "t1": 285.15,
    "dp": 8000.0,
    "mu": 17.5,
    "Roc": 0.65,
    "Ro": 0.68,
    "k": 1.35,
    "C": 0.7164214708401301,
    "E": 1.0694122999065983,
    "epsilon": 0.9973515056518513,
    "beta": 0.3846153846153847,
    "d_Cm": 4.0,
    "d_Epsilonm": 0.0013333333333333346,
    "ssu_results": {},
    "flow": {
      "mass_flow": 0.039117752781820794,
      "Re": 43789.38472781893,
      "volume_flow_actual": 0.057526107032089394,
      "volume_flow_std": 0.06018115812587814
    },
    "straightness": {
      "skip": false,
      "length_first_ms_to_ssu_D": 0,
      "length_between_ms_D": null,
      "length_after_SSU": 6,
      "relative_roughness_Ra_D": 4.9234876601114806e-05,
      "roughness_limit_Ra_D": 0.0074230769230769185,
      "is_smooth_pipe": true
    },
    "errors": {
      "skip": false,
      "inputs_rel": {
        "corrector": {
          "rel": 0.01,
          "percent": 1.0
        },
        "T": {
          "rel": 0.003920862664386796,
          "percent": 0.3920862664386796
        },
        "p": {
          "rel": 0.005099019513592785,
          "percent": 0.5099019513592785
        },
        "dp": {
          "rel": 0.0375,
          "percent": 3.75
        }
      },
      "summary": {
        "rel": 0.0393398419421454,
        "percent": 3.9339841942145397
      }
    },
    "errors_flow": {
      "v_D": -1.2931331659020708,
      "v_d": 3.293133165902071,
      "u_inputs": {
        "u_C": 4.0,
        "u_eps": 0.0013370954817661285,
        "u_dp": 0.0375,
        "u_p": 0.005099019513592785,
        "u_corr": 0.01,
        "u_rho": 0.0,
        "u_rho_std": 0.0,
        "u_geom": 0.0
      },
      "u_Qm": {
        "rel": 4.000188500286496,
        "percent": 400.01885002864964
      },
      "u_Qv": {
        "rel": 4.000188500286496,
        "percent": 400.01885002864964
      },
      "u_Qstd": {
        "rel": 4.000188500286496,
        "percent": 400.01885002864964
      },
      "skip": false
    }
  }
}