{
  "result": {
    "type": "wedge",
    "D": 0.19498373232,
    "d": 0.03999666304,
    "p1": 2000000.0,
    "t1": 285.15,
    "dp": 8000.0,
    "mu": 17.5,
    "Roc": 0.65,
    "Ro": 0.68,
    "k": 1.35,
    "C": 0.7354199751770787,
    "E": 1.0110782647965724,
    "epsilon": 0.9977096913833214,
    "beta": 0.20512820512820512,
    "d_Cm": 4.0,
    "d_Epsilonm": 0.0013333333333333346,
    "ssu_results": {},
    "flow": {
      "mass_flow": 0.09722461556649664,
      "Re": 36278.55038777654,
      "volume_flow_actual": 0.1429773758330833,
      "volume_flow_std": 0.14957633164076406
    },
    "straightness": {
      "skip": false,
      "length_first_ms_to_ssu_D": 0,
      "length_between_ms_D": null,
      "length_after_SSU": 6,
      "relative_roughness_Ra_D": 1.6411625533704935e-05,
      "roughness_limit_Ra_D": 0.025,
      "is_smooth_pipe": true
    },
    "errors": {
      "skip": false,
      "inputs_rel": {
        "corrector": {
          "rel": 0.01,
          "percent": 1.0
        },
        "T": {
          "rel": 0.003920862664386796,
          "percent": 0.3920862664386796
        },
        "p": {
          "rel": 0.005099019513592785,
          "percent": 0.5099019513592785
        },
        "dp": {
          "rel": 0.0375,
          "percent": 3.75
        }
      },
      "summary": {
        "rel": 0.0393398419421454,
        "percent": 3.9339841942145397
      }
    },
    "errors_flow": {
      "v_D": -3.0216400284575027,
      "v_d": 5.021640028457503,
      "u_inputs": {
        "u_C": 4.0,
        "u_eps": 0.0013361476956435484,
        "u_dp": 0.0375,
        "u_p": 0.005099019513592785,
        "u_corr": 0.01,
        "u_rho": 0.0,
        "u_rho_std": 0.0,
        "u_geom": 0.0
      },
      "u_Qm": {
        "rel": 4.000188499969803,
        "percent": 400.0188499969803
      },
      "u_Qv": {
        "rel": 4.000188499969803,
        "percent": 400.0188499969803
      },
      "u_Qstd": {
        "rel": 4.000188499969803,
        "percent": 400.0188499969803
      },
      "skip": false
    }
  }
}